id,address,cleaned_address,expanded_addresses
55000100280,"2854 ROSEANN LN GREEN TOWNSHIP, OH 45239",2854 ROSEANN LN GREEN TOWNSHIP OH 45239,2854 roseann lane green township ohio 45239
55000100280,"2854 ROSEANN LN GREEN TOWNSHIP, OH 45239",2854 ROSEANN LN GREEN TOWNSHIP OH 45239,2854 roseann lane green township oh 45239
55000100280,"2854 ROSEANN LN GREEN TOWNSHIP, OH 45239",2854 ROSEANN LN GREEN TOWNSHIP OH 45239,2854 roseann line green township ohio 45239
55000100280,"2854 ROSEANN LN GREEN TOWNSHIP, OH 45239",2854 ROSEANN LN GREEN TOWNSHIP OH 45239,2854 roseann line green township oh 45239
55000235280,"2854 ROSEANN LANE GREEN TOWNSHIP, OH 45239",2854 ROSEANN LANE GREEN TOWNSHIP OH 45239,2854 roseann lane green township ohio 45239
55000235280,"2854 ROSEANN LANE GREEN TOWNSHIP, OH 45239",2854 ROSEANN LANE GREEN TOWNSHIP OH 45239,2854 roseann lane green township oh 45239
9800060045,"407 SOUTHVIEW AV CINCINNATI, OH 45219",407 SOUTHVIEW AV CINCINNATI OH 45219,407 southview avenue cincinnati ohio 45219
9800060045,"407 SOUTHVIEW AV CINCINNATI, OH 45219",407 SOUTHVIEW AV CINCINNATI OH 45219,407 southview avenue cincinnati oh 45219
9800060045,"407 SOUTHVIEW AV Apartment #2 CINCINNATI, OH 45219",407 SOUTHVIEW AV Apartment 2 CINCINNATI OH 45219,407 southview avenue apartment 2 cincinnati ohio 45219
9800060045,"407 SOUTHVIEW AV Apartment #2 CINCINNATI, OH 45219",407 SOUTHVIEW AV Apartment 2 CINCINNATI OH 45219,407 southview avenue apartment 2 cincinnati oh 45219
59100090241,"909 GRETNA LN FOREST PARK, OH 45240",909 GRETNA LN FOREST PARK OH 45240,909 gretna lane forest park ohio 45240
59100090241,"909 GRETNA LN FOREST PARK, OH 45240",909 GRETNA LN FOREST PARK OH 45240,909 gretna lane forest park oh 45240
59100090241,"909 GRETNA LN FOREST PARK, OH 45240",909 GRETNA LN FOREST PARK OH 45240,909 gretna line forest park ohio 45240
59100090241,"909 GRETNA LN FOREST PARK, OH 45240",909 GRETNA LN FOREST PARK OH 45240,909 gretna line forest park oh 45240
55071310120,"P.O. BOX 12345 GREEN TOWNSHIP, OH 45238",P O BOX 12345 GREEN TOWNSHIP OH 45238,post office box 12345 green township ohio 45238
55071310120,"P.O. BOX 12345 GREEN TOWNSHIP, OH 45238",P O BOX 12345 GREEN TOWNSHIP OH 45238,post office box 12345 green township oh 45238
4100010061,"PO 12345 CINCINNATI, OH 45208",PO 12345 CINCINNATI OH 45208,prato 12345 cincinnati oh 45208
4100010061,"PO 12345 CINCINNATI, OH 45208",PO 12345 CINCINNATI OH 45208,paseo 12345 cincinnati oh 45208
4100010061,"PO 12345 CINCINNATI, OH 45208",PO 12345 CINCINNATI OH 45208,post office 12345 cincinnati ohio 45208
4100010061,"PO 12345 CINCINNATI, OH 45208",PO 12345 CINCINNATI OH 45208,post office 12345 cincinnati oh 45208
9000010083,"3333 BURNET AVE CINCINNATI, OH 45229",3333 BURNET AVE CINCINNATI OH 45229,3333 burnet avenue cincinnati ohio 45229
9000010083,"3333 BURNET AVE CINCINNATI, OH 45229",3333 BURNET AVE CINCINNATI OH 45229,3333 burnet avenue cincinnati oh 45229
21600460082,"222 E CENTRAL PKWY CINCINNATI, OH 45202",222 E CENTRAL PKWY CINCINNATI OH 45202,222 east central parkway cincinnati ohio 45202
21600460082,"222 E CENTRAL PKWY CINCINNATI, OH 45202",222 E CENTRAL PKWY CINCINNATI OH 45202,222 east central parkway cincinnati oh 45202
21600460082,"222 E CENTRAL PKWY CINCINNATI, OH 45202",222 E CENTRAL PKWY CINCINNATI OH 45202,222 e central parkway cincinnati ohio 45202
21600460082,"222 E CENTRAL PKWY CINCINNATI, OH 45202",222 E CENTRAL PKWY CINCINNATI OH 45202,222 e central parkway cincinnati oh 45202
21600460082,"222 EAST CENTRAL PKWY CINCINNATI, OH 45202",222 EAST CENTRAL PKWY CINCINNATI OH 45202,222 east central parkway cincinnati ohio 45202
21600460082,"222 EAST CENTRAL PKWY CINCINNATI, OH 45202",222 EAST CENTRAL PKWY CINCINNATI OH 45202,222 east central parkway cincinnati oh 45202
67100240229,foreign,foreign,foreign
2800040021,verify,verify,verify
59004140168,unknown,unknown,unknown
50002200628,NA,NA,na
50002200628,NA,NA,not applicable
50002200628,NA,NA,national association
67100040004,NA,NA,na
67100040004,NA,NA,not applicable
67100040004,NA,NA,national association
87190048084,NA,NA,na
87190048084,NA,NA,not applicable
87190048084,NA,NA,national association
97124042024,NA,NA,na
97124042024,NA,NA,not applicable
97124042024,NA,NA,national association
5100020177,"4506 CAMBERWELL RD CINCINNATI, OH 45209",4506 CAMBERWELL RD CINCINNATI OH 45209,4506 camberwell road cincinnati ohio 45209
5100020177,"4506 CAMBERWELL RD CINCINNATI, OH 45209",4506 CAMBERWELL RD CINCINNATI OH 45209,4506 camberwell road cincinnati oh 45209
5100020177,"4506 CAMBERWELL RD CINCINNATI, OH CINCINNATI, OH 45209",4506 CAMBERWELL RD CINCINNATI OH CINCINNATI OH 45209,4506 camberwell road cincinnati ohio cincinnati ohio 45209
5100020177,"4506 CAMBERWELL RD CINCINNATI, OH CINCINNATI, OH 45209",4506 CAMBERWELL RD CINCINNATI OH CINCINNATI OH 45209,4506 camberwell road cincinnati ohio cincinnati oh 45209
5100020177,"4506 CAMBERWELL RD CINCINNATI, OH CINCINNATI, OH 45209",4506 CAMBERWELL RD CINCINNATI OH CINCINNATI OH 45209,4506 camberwell road cincinnati oh cincinnati ohio 45209
5100020177,"4506 CAMBERWELL RD CINCINNATI, OH CINCINNATI, OH 45209",4506 CAMBERWELL RD CINCINNATI OH CINCINNATI OH 45209,4506 camberwell road cincinnati oh cincinnati oh 45209
55000100212,"5585 FAIRWOOD RD GREEN TOWNSHIP, OH 45239",5585 FAIRWOOD RD GREEN TOWNSHIP OH 45239,5585 fairwood road green township ohio 45239
55000100212,"5585 FAIRWOOD RD GREEN TOWNSHIP, OH 45239",5585 FAIRWOOD RD GREEN TOWNSHIP OH 45239,5585 fairwood road green township oh 45239
55000100212,"5585 FAIRWOOD RD GREEN TOWNSHIP, OH 45239-8579",5585 FAIRWOOD RD GREEN TOWNSHIP OH 45239-8579,5585 fairwood road green township ohio 45239-8579
55000100212,"5585 FAIRWOOD RD GREEN TOWNSHIP, OH 45239-8579",5585 FAIRWOOD RD GREEN TOWNSHIP OH 45239-8579,5585 fairwood road green township oh 45239-8579
51000810328,"6628 JULY CT COLERAIN TOWNSHIP, OH 45239",6628 JULY CT COLERAIN TOWNSHIP OH 45239,6628 july ct colerain township ohio 45239
51000810328,"6628 JULY CT COLERAIN TOWNSHIP, OH 45239",6628 JULY CT COLERAIN TOWNSHIP OH 45239,6628 july ct colerain township oh 45239
51000810328,"6628 JULY CT COLERAIN TOWNSHIP, OH 45239",6628 JULY CT COLERAIN TOWNSHIP OH 45239,6628 july court colerain township ohio 45239
51000810328,"6628 JULY CT COLERAIN TOWNSHIP, OH 45239",6628 JULY CT COLERAIN TOWNSHIP OH 45239,6628 july court colerain township oh 45239
51000810328,"6628 JULY CT COLERAIN TOWNSHIP, OH 45239",6628 JULY CT COLERAIN TOWNSHIP OH 45239,6628 july connecticut colerain township ohio 45239
51000810328,"6628 JULY CT COLERAIN TOWNSHIP, OH 45239",6628 JULY CT COLERAIN TOWNSHIP OH 45239,6628 july connecticut colerain township oh 45239
61201400371,"5126 BRASHER AV BLUE ASH, OH 45242",5126 BRASHER AV BLUE ASH OH 45242,5126 brasher avenue blue ash ohio 45242
61201400371,"5126 BRASHER AV BLUE ASH, OH 45242",5126 BRASHER AV BLUE ASH OH 45242,5126 brasher avenue blue ash oh 45242
19200650054,"3708 TAPPAN AV CINCINNATI, OH 45223",3708 TAPPAN AV CINCINNATI OH 45223,3708 tappan avenue cincinnati ohio 45223
19200650054,"3708 TAPPAN AV CINCINNATI, OH 45223",3708 TAPPAN AV CINCINNATI OH 45223,3708 tappan avenue cincinnati oh 45223
60000110098,"11924 7TH AV SYCAMORE TOWNSHIP, OH 45249",11924 7TH AV SYCAMORE TOWNSHIP OH 45249,11924 7th avenue sycamore township ohio 45249
60000110098,"11924 7TH AV SYCAMORE TOWNSHIP, OH 45249",11924 7TH AV SYCAMORE TOWNSHIP OH 45249,11924 7th avenue sycamore township oh 45249
60000110098,"11924 7TH AV SYCAMORE TOWNSHIP, OH 45249",11924 7TH AV SYCAMORE TOWNSHIP OH 45249,11924 7 avenue sycamore township ohio 45249
60000110098,"11924 7TH AV SYCAMORE TOWNSHIP, OH 45249",11924 7TH AV SYCAMORE TOWNSHIP OH 45249,11924 7 avenue sycamore township oh 45249
60001000117,"7401 KENNEDY LN SYCAMORE TOWNSHIP, OH 45242",7401 KENNEDY LN SYCAMORE TOWNSHIP OH 45242,7401 kennedy lane sycamore township ohio 45242
60001000117,"7401 KENNEDY LN SYCAMORE TOWNSHIP, OH 45242",7401 KENNEDY LN SYCAMORE TOWNSHIP OH 45242,7401 kennedy lane sycamore township oh 45242
60001000117,"7401 KENNEDY LN SYCAMORE TOWNSHIP, OH 45242",7401 KENNEDY LN SYCAMORE TOWNSHIP OH 45242,7401 kennedy line sycamore township ohio 45242
60001000117,"7401 KENNEDY LN SYCAMORE TOWNSHIP, OH 45242",7401 KENNEDY LN SYCAMORE TOWNSHIP OH 45242,7401 kennedy line sycamore township oh 45242
50002700262,"7085 JEANNIE AV ANDERSON TOWNSHIP, OH 45230",7085 JEANNIE AV ANDERSON TOWNSHIP OH 45230,7085 jeannie avenue anderson township ohio 45230
50002700262,"7085 JEANNIE AV ANDERSON TOWNSHIP, OH 45230",7085 JEANNIE AV ANDERSON TOWNSHIP OH 45230,7085 jeannie avenue anderson township oh 45230
60002110309,"6120 ST REGIS DR SYCAMORE TOWNSHIP, OH 45236",6120 ST REGIS DR SYCAMORE TOWNSHIP OH 45236,6120 saint regis doctor sycamore township ohio 45236
60002110309,"6120 ST REGIS DR SYCAMORE TOWNSHIP, OH 45236",6120 ST REGIS DR SYCAMORE TOWNSHIP OH 45236,6120 saint regis doctor sycamore township oh 45236
60002110309,"6120 ST REGIS DR SYCAMORE TOWNSHIP, OH 45236",6120 ST REGIS DR SYCAMORE TOWNSHIP OH 45236,6120 saint regis drive sycamore township ohio 45236
60002110309,"6120 ST REGIS DR SYCAMORE TOWNSHIP, OH 45236",6120 ST REGIS DR SYCAMORE TOWNSHIP OH 45236,6120 saint regis drive sycamore township oh 45236
60002110309,"6120 ST REGIS DR SYCAMORE TOWNSHIP, OH 45236",6120 ST REGIS DR SYCAMORE TOWNSHIP OH 45236,6120 street regis doctor sycamore township ohio 45236
60002110309,"6120 ST REGIS DR SYCAMORE TOWNSHIP, OH 45236",6120 ST REGIS DR SYCAMORE TOWNSHIP OH 45236,6120 street regis doctor sycamore township oh 45236
60002110309,"6120 ST REGIS DR SYCAMORE TOWNSHIP, OH 45236",6120 ST REGIS DR SYCAMORE TOWNSHIP OH 45236,6120 street regis drive sycamore township ohio 45236
60002110309,"6120 ST REGIS DR SYCAMORE TOWNSHIP, OH 45236",6120 ST REGIS DR SYCAMORE TOWNSHIP OH 45236,6120 street regis drive sycamore township oh 45236
22100190292,"4162 CHAMBERS ST CINCINNATI, OH 45223",4162 CHAMBERS ST CINCINNATI OH 45223,4162 chambers saint cincinnati ohio 45223
22100190292,"4162 CHAMBERS ST CINCINNATI, OH 45223",4162 CHAMBERS ST CINCINNATI OH 45223,4162 chambers saint cincinnati oh 45223
22100190292,"4162 CHAMBERS ST CINCINNATI, OH 45223",4162 CHAMBERS ST CINCINNATI OH 45223,4162 chambers street cincinnati ohio 45223
22100190292,"4162 CHAMBERS ST CINCINNATI, OH 45223",4162 CHAMBERS ST CINCINNATI OH 45223,4162 chambers street cincinnati oh 45223
61201110164,"17 CARPENTERS RIDGE RD BLUE ASH, OH 45241",17 CARPENTERS RIDGE RD BLUE ASH OH 45241,17 carpenters ridge road blue ash ohio 45241
61201110164,"17 CARPENTERS RIDGE RD BLUE ASH, OH 45241",17 CARPENTERS RIDGE RD BLUE ASH OH 45241,17 carpenters ridge road blue ash oh 45241
52500160078,"6639 APACHE CIR MADEIRA, OH 45243",6639 APACHE CIR MADEIRA OH 45243,6639 apache circle madeira ohio 45243
52500160078,"6639 APACHE CIR MADEIRA, OH 45243",6639 APACHE CIR MADEIRA OH 45243,6639 apache circle madeira oh 45243
50003700268,"6296 CRITTENDEN DR ANDERSON TOWNSHIP, OH 45244",6296 CRITTENDEN DR ANDERSON TOWNSHIP OH 45244,6296 crittenden doctor anderson township ohio 45244
50003700268,"6296 CRITTENDEN DR ANDERSON TOWNSHIP, OH 45244",6296 CRITTENDEN DR ANDERSON TOWNSHIP OH 45244,6296 crittenden doctor anderson township oh 45244
50003700268,"6296 CRITTENDEN DR ANDERSON TOWNSHIP, OH 45244",6296 CRITTENDEN DR ANDERSON TOWNSHIP OH 45244,6296 crittenden drive anderson township ohio 45244
50003700268,"6296 CRITTENDEN DR ANDERSON TOWNSHIP, OH 45244",6296 CRITTENDEN DR ANDERSON TOWNSHIP OH 45244,6296 crittenden drive anderson township oh 45244
17900770440,"1029 RUTLEDGE AV CINCINNATI, OH 45205",1029 RUTLEDGE AV CINCINNATI OH 45205,1029 rutledge avenue cincinnati ohio 45205
17900770440,"1029 RUTLEDGE AV CINCINNATI, OH 45205",1029 RUTLEDGE AV CINCINNATI OH 45205,1029 rutledge avenue cincinnati oh 45205
60002310072,"8462 WICKLOW AV SYCAMORE TOWNSHIP, OH 45236",8462 WICKLOW AV SYCAMORE TOWNSHIP OH 45236,8462 wicklow avenue sycamore township ohio 45236
60002310072,"8462 WICKLOW AV SYCAMORE TOWNSHIP, OH 45236",8462 WICKLOW AV SYCAMORE TOWNSHIP OH 45236,8462 wicklow avenue sycamore township oh 45236
61200600204,"9354 FLORAL AV BLUE ASH, OH 45242",9354 FLORAL AV BLUE ASH OH 45242,9354 floral avenue blue ash ohio 45242
61200600204,"9354 FLORAL AV BLUE ASH, OH 45242",9354 FLORAL AV BLUE ASH OH 45242,9354 floral avenue blue ash oh 45242
51000710151,"8145 BLANCHETTA DR COLERAIN TOWNSHIP, OH 45239",8145 BLANCHETTA DR COLERAIN TOWNSHIP OH 45239,8145 blanchetta doctor colerain township ohio 45239
51000710151,"8145 BLANCHETTA DR COLERAIN TOWNSHIP, OH 45239",8145 BLANCHETTA DR COLERAIN TOWNSHIP OH 45239,8145 blanchetta doctor colerain township oh 45239
51000710151,"8145 BLANCHETTA DR COLERAIN TOWNSHIP, OH 45239",8145 BLANCHETTA DR COLERAIN TOWNSHIP OH 45239,8145 blanchetta drive colerain township ohio 45239
51000710151,"8145 BLANCHETTA DR COLERAIN TOWNSHIP, OH 45239",8145 BLANCHETTA DR COLERAIN TOWNSHIP OH 45239,8145 blanchetta drive colerain township oh 45239
52700100025,"6827 MT VERNON AV MARIEMONT, OH 45227",6827 MT VERNON AV MARIEMONT OH 45227,6827 mt vernon avenue mariemont ohio 45227
52700100025,"6827 MT VERNON AV MARIEMONT, OH 45227",6827 MT VERNON AV MARIEMONT OH 45227,6827 mt vernon avenue mariemont oh 45227
52700100025,"6827 MT VERNON AV MARIEMONT, OH 45227",6827 MT VERNON AV MARIEMONT OH 45227,6827 montana vernon avenue mariemont ohio 45227
52700100025,"6827 MT VERNON AV MARIEMONT, OH 45227",6827 MT VERNON AV MARIEMONT OH 45227,6827 montana vernon avenue mariemont oh 45227
52700100025,"6827 MT VERNON AV MARIEMONT, OH 45227",6827 MT VERNON AV MARIEMONT OH 45227,6827 mount vernon avenue mariemont ohio 45227
52700100025,"6827 MT VERNON AV MARIEMONT, OH 45227",6827 MT VERNON AV MARIEMONT OH 45227,6827 mount vernon avenue mariemont oh 45227
22500030012,"2385 MONTANA AV CINCINNATI, OH 45211",2385 MONTANA AV CINCINNATI OH 45211,2385 montana avenue cincinnati ohio 45211
22500030012,"2385 MONTANA AV CINCINNATI, OH 45211",2385 MONTANA AV CINCINNATI OH 45211,2385 montana avenue cincinnati oh 45211
22500030012,"2385 MONTANA AV CINCINNATI, OH 45211",2385 MONTANA AV CINCINNATI OH 45211,2385 montana avenida calle cincinnati oh 45211
22500030012,"2385 MONTANA AV CINCINNATI, OH 45211",2385 MONTANA AV CINCINNATI OH 45211,2385 montana avenida cincinnati oh 45211
51000700019,"3053 BANNING RD COLERAIN TOWNSHIP, OH 45239",3053 BANNING RD COLERAIN TOWNSHIP OH 45239,3053 banning road colerain township ohio 45239
51000700019,"3053 BANNING RD COLERAIN TOWNSHIP, OH 45239",3053 BANNING RD COLERAIN TOWNSHIP OH 45239,3053 banning road colerain township oh 45239
65100520093,"4228 FRANKLIN AV NORWOOD, OH 45212",4228 FRANKLIN AV NORWOOD OH 45212,4228 franklin avenue norwood ohio 45212
65100520093,"4228 FRANKLIN AV NORWOOD, OH 45212",4228 FRANKLIN AV NORWOOD OH 45212,4228 franklin avenue norwood oh 45212
14900120025,"2388 MARYLAND AV CINCINNATI, OH 45204",2388 MARYLAND AV CINCINNATI OH 45204,2388 maryland avenue cincinnati ohio 45204
14900120025,"2388 MARYLAND AV CINCINNATI, OH 45204",2388 MARYLAND AV CINCINNATI OH 45204,2388 maryland avenue cincinnati oh 45204
59500020243,"1532 SOUTHRIDGE LN NORTH COLLEGE HILL, OH 45231",1532 SOUTHRIDGE LN NORTH COLLEGE HILL OH 45231,1532 southridge lane north college hill ohio 45231
59500020243,"1532 SOUTHRIDGE LN NORTH COLLEGE HILL, OH 45231",1532 SOUTHRIDGE LN NORTH COLLEGE HILL OH 45231,1532 southridge lane north college hill oh 45231
59500020243,"1532 SOUTHRIDGE LN NORTH COLLEGE HILL, OH 45231",1532 SOUTHRIDGE LN NORTH COLLEGE HILL OH 45231,1532 southridge line north college hill ohio 45231
59500020243,"1532 SOUTHRIDGE LN NORTH COLLEGE HILL, OH 45231",1532 SOUTHRIDGE LN NORTH COLLEGE HILL OH 45231,1532 southridge line north college hill oh 45231
60800100075,"4104 CARRIAGELITE DR SHARONVILLE, OH 45241",4104 CARRIAGELITE DR SHARONVILLE OH 45241,4104 carriagelite doctor sharonville ohio 45241
60800100075,"4104 CARRIAGELITE DR SHARONVILLE, OH 45241",4104 CARRIAGELITE DR SHARONVILLE OH 45241,4104 carriagelite doctor sharonville oh 45241
60800100075,"4104 CARRIAGELITE DR SHARONVILLE, OH 45241",4104 CARRIAGELITE DR SHARONVILLE OH 45241,4104 carriagelite drive sharonville ohio 45241
60800100075,"4104 CARRIAGELITE DR SHARONVILLE, OH 45241",4104 CARRIAGELITE DR SHARONVILLE OH 45241,4104 carriagelite drive sharonville oh 45241
51001010270,"3657 VERNIER DR COLERAIN TOWNSHIP, OH 45251",3657 VERNIER DR COLERAIN TOWNSHIP OH 45251,3657 vernier doctor colerain township ohio 45251
51001010270,"3657 VERNIER DR COLERAIN TOWNSHIP, OH 45251",3657 VERNIER DR COLERAIN TOWNSHIP OH 45251,3657 vernier doctor colerain township oh 45251
51001010270,"3657 VERNIER DR COLERAIN TOWNSHIP, OH 45251",3657 VERNIER DR COLERAIN TOWNSHIP OH 45251,3657 vernier drive colerain township ohio 45251
51001010270,"3657 VERNIER DR COLERAIN TOWNSHIP, OH 45251",3657 VERNIER DR COLERAIN TOWNSHIP OH 45251,3657 vernier drive colerain township oh 45251
2200040012,"1307 DILLON AV CINCINNATI, OH 45208",1307 DILLON AV CINCINNATI OH 45208,1307 dillon avenue cincinnati ohio 45208
2200040012,"1307 DILLON AV CINCINNATI, OH 45208",1307 DILLON AV CINCINNATI OH 45208,1307 dillon avenue cincinnati oh 45208
55000640056,"4370 AIRYMONT CT GREEN TOWNSHIP, OH 45211",4370 AIRYMONT CT GREEN TOWNSHIP OH 45211,4370 airymont ct green township ohio 45211
55000640056,"4370 AIRYMONT CT GREEN TOWNSHIP, OH 45211",4370 AIRYMONT CT GREEN TOWNSHIP OH 45211,4370 airymont ct green township oh 45211
55000640056,"4370 AIRYMONT CT GREEN TOWNSHIP, OH 45211",4370 AIRYMONT CT GREEN TOWNSHIP OH 45211,4370 airymont court green township ohio 45211
55000640056,"4370 AIRYMONT CT GREEN TOWNSHIP, OH 45211",4370 AIRYMONT CT GREEN TOWNSHIP OH 45211,4370 airymont court green township oh 45211
55000640056,"4370 AIRYMONT CT GREEN TOWNSHIP, OH 45211",4370 AIRYMONT CT GREEN TOWNSHIP OH 45211,4370 airymont connecticut green township ohio 45211
55000640056,"4370 AIRYMONT CT GREEN TOWNSHIP, OH 45211",4370 AIRYMONT CT GREEN TOWNSHIP OH 45211,4370 airymont connecticut green township oh 45211
59600100129,"11 ALBION LN GLENDALE, OH 45246",11 ALBION LN GLENDALE OH 45246,11 albion lane glendale ohio 45246
59600100129,"11 ALBION LN GLENDALE, OH 45246",11 ALBION LN GLENDALE OH 45246,11 albion lane glendale oh 45246
59600100129,"11 ALBION LN GLENDALE, OH 45246",11 ALBION LN GLENDALE OH 45246,11 albion line glendale ohio 45246
59600100129,"11 ALBION LN GLENDALE, OH 45246",11 ALBION LN GLENDALE OH 45246,11 albion line glendale oh 45246
67100160157,"2152 BOLSER DR READING, OH 45215",2152 BOLSER DR READING OH 45215,2152 bolser doctor reading ohio 45215
67100160157,"2152 BOLSER DR READING, OH 45215",2152 BOLSER DR READING OH 45215,2152 bolser doctor reading oh 45215
67100160157,"2152 BOLSER DR READING, OH 45215",2152 BOLSER DR READING OH 45215,2152 bolser drive reading ohio 45215
67100160157,"2152 BOLSER DR READING, OH 45215",2152 BOLSER DR READING OH 45215,2152 bolser drive reading oh 45215
67100160157,"2152 BOLSER DR READING, OH 45215",2152 BOLSER DR READING OH 45215,2152 bolser doktor reading oh 45215
54001200027,"6513 RAPID RUN RD DELHI TOWNSHIP, OH 45233",6513 RAPID RUN RD DELHI TOWNSHIP OH 45233,6513 rapid run road delhi township ohio 45233
54001200027,"6513 RAPID RUN RD DELHI TOWNSHIP, OH 45233",6513 RAPID RUN RD DELHI TOWNSHIP OH 45233,6513 rapid run road delhi township oh 45233
60000930179,"5849 BAYBERRY DR SYCAMORE TOWNSHIP, OH 45242",5849 BAYBERRY DR SYCAMORE TOWNSHIP OH 45242,5849 bayberry doctor sycamore township ohio 45242
60000930179,"5849 BAYBERRY DR SYCAMORE TOWNSHIP, OH 45242",5849 BAYBERRY DR SYCAMORE TOWNSHIP OH 45242,5849 bayberry doctor sycamore township oh 45242
60000930179,"5849 BAYBERRY DR SYCAMORE TOWNSHIP, OH 45242",5849 BAYBERRY DR SYCAMORE TOWNSHIP OH 45242,5849 bayberry drive sycamore township ohio 45242
60000930179,"5849 BAYBERRY DR SYCAMORE TOWNSHIP, OH 45242",5849 BAYBERRY DR SYCAMORE TOWNSHIP OH 45242,5849 bayberry drive sycamore township oh 45242
02040A150084,"1628 MINION AV CINCINNATI, OH 45205",1628 MINION AV CINCINNATI OH 45205,1628 minion avenue cincinnati ohio 45205
02040A150084,"1628 MINION AV CINCINNATI, OH 45205",1628 MINION AV CINCINNATI OH 45205,1628 minion avenue cincinnati oh 45205
5400040073,"3329 GRAYDON AV CINCINNATI, OH 45207",3329 GRAYDON AV CINCINNATI OH 45207,3329 graydon avenue cincinnati ohio 45207
5400040073,"3329 GRAYDON AV CINCINNATI, OH 45207",3329 GRAYDON AV CINCINNATI OH 45207,3329 graydon avenue cincinnati oh 45207
59400100515,"955 SCHUMARD AV LINCOLN HEIGHTS, OH 45215",955 SCHUMARD AV LINCOLN HEIGHTS OH 45215,955 schumard avenue lincoln heights ohio 45215
59400100515,"955 SCHUMARD AV LINCOLN HEIGHTS, OH 45215",955 SCHUMARD AV LINCOLN HEIGHTS OH 45215,955 schumard avenue lincoln heights oh 45215
60200080044,"4229 SIBLEY AV SILVERTON, OH 45236",4229 SIBLEY AV SILVERTON OH 45236,4229 sibley avenue silverton ohio 45236
60200080044,"4229 SIBLEY AV SILVERTON, OH 45236",4229 SIBLEY AV SILVERTON OH 45236,4229 sibley avenue silverton oh 45236
51001010052,"3630 POOLE RD COLERAIN TOWNSHIP, OH 45251",3630 POOLE RD COLERAIN TOWNSHIP OH 45251,3630 poole road colerain township ohio 45251
51001010052,"3630 POOLE RD COLERAIN TOWNSHIP, OH 45251",3630 POOLE RD COLERAIN TOWNSHIP OH 45251,3630 poole road colerain township oh 45251
9500050041,"2131 VINE ST CINCINNATI, OH 45202",2131 VINE ST CINCINNATI OH 45202,2131 vine saint cincinnati ohio 45202
9500050041,"2131 VINE ST CINCINNATI, OH 45202",2131 VINE ST CINCINNATI OH 45202,2131 vine saint cincinnati oh 45202
9500050041,"2131 VINE ST CINCINNATI, OH 45202",2131 VINE ST CINCINNATI OH 45202,2131 vine street cincinnati ohio 45202
9500050041,"2131 VINE ST CINCINNATI, OH 45202",2131 VINE ST CINCINNATI OH 45202,2131 vine street cincinnati oh 45202
4100010010,"3611 SHAW AV CINCINNATI, OH 45208",3611 SHAW AV CINCINNATI OH 45208,3611 shaw avenue cincinnati ohio 45208
4100010010,"3611 SHAW AV CINCINNATI, OH 45208",3611 SHAW AV CINCINNATI OH 45208,3611 shaw avenue cincinnati oh 45208
51000410420,"9982 DUNRAVEN DR COLERAIN TOWNSHIP, OH 45251",9982 DUNRAVEN DR COLERAIN TOWNSHIP OH 45251,9982 dunraven doctor colerain township ohio 45251
51000410420,"9982 DUNRAVEN DR COLERAIN TOWNSHIP, OH 45251",9982 DUNRAVEN DR COLERAIN TOWNSHIP OH 45251,9982 dunraven doctor colerain township oh 45251
51000410420,"9982 DUNRAVEN DR COLERAIN TOWNSHIP, OH 45251",9982 DUNRAVEN DR COLERAIN TOWNSHIP OH 45251,9982 dunraven drive colerain township ohio 45251
51000410420,"9982 DUNRAVEN DR COLERAIN TOWNSHIP, OH 45251",9982 DUNRAVEN DR COLERAIN TOWNSHIP OH 45251,9982 dunraven drive colerain township oh 45251
24700060285,"1135 WIONNA AV CINCINNATI, OH 45224",1135 WIONNA AV CINCINNATI OH 45224,1135 wionna avenue cincinnati ohio 45224
24700060285,"1135 WIONNA AV CINCINNATI, OH 45224",1135 WIONNA AV CINCINNATI OH 45224,1135 wionna avenue cincinnati oh 45224
61201500517,"10960 E ALLENHURST BLVD BLUE ASH, OH 45241",10960 E ALLENHURST BLVD BLUE ASH OH 45241,10960 east allenhurst boulevard blue ash ohio 45241
61201500517,"10960 E ALLENHURST BLVD BLUE ASH, OH 45241",10960 E ALLENHURST BLVD BLUE ASH OH 45241,10960 east allenhurst boulevard blue ash oh 45241
61201500517,"10960 E ALLENHURST BLVD BLUE ASH, OH 45241",10960 E ALLENHURST BLVD BLUE ASH OH 45241,10960 e allenhurst boulevard blue ash ohio 45241
61201500517,"10960 E ALLENHURST BLVD BLUE ASH, OH 45241",10960 E ALLENHURST BLVD BLUE ASH OH 45241,10960 e allenhurst boulevard blue ash oh 45241
59002310126,"1119 GARNOA DR SPRINGFIELD TOWNSHIP, OH 45231",1119 GARNOA DR SPRINGFIELD TOWNSHIP OH 45231,1119 garnoa doctor springfield township ohio 45231
59002310126,"1119 GARNOA DR SPRINGFIELD TOWNSHIP, OH 45231",1119 GARNOA DR SPRINGFIELD TOWNSHIP OH 45231,1119 garnoa doctor springfield township oh 45231
59002310126,"1119 GARNOA DR SPRINGFIELD TOWNSHIP, OH 45231",1119 GARNOA DR SPRINGFIELD TOWNSHIP OH 45231,1119 garnoa drive springfield township ohio 45231
59002310126,"1119 GARNOA DR SPRINGFIELD TOWNSHIP, OH 45231",1119 GARNOA DR SPRINGFIELD TOWNSHIP OH 45231,1119 garnoa drive springfield township oh 45231
3700030043,"6406 ROE ST CINCINNATI, OH 45227",6406 ROE ST CINCINNATI OH 45227,6406 roe saint cincinnati ohio 45227
3700030043,"6406 ROE ST CINCINNATI, OH 45227",6406 ROE ST CINCINNATI OH 45227,6406 roe saint cincinnati oh 45227
3700030043,"6406 ROE ST CINCINNATI, OH 45227",6406 ROE ST CINCINNATI OH 45227,6406 roe street cincinnati ohio 45227
3700030043,"6406 ROE ST CINCINNATI, OH 45227",6406 ROE ST CINCINNATI OH 45227,6406 roe street cincinnati oh 45227
59500080299,"1947 STERLING AV NORTH COLLEGE HILL, OH 45239",1947 STERLING AV NORTH COLLEGE HILL OH 45239,1947 sterling avenue north college hill ohio 45239
59500080299,"1947 STERLING AV NORTH COLLEGE HILL, OH 45239",1947 STERLING AV NORTH COLLEGE HILL OH 45239,1947 sterling avenue north college hill oh 45239
11500070009,"3989 BEECHWOOD AV CINCINNATI, OH 45229",3989 BEECHWOOD AV CINCINNATI OH 45229,3989 beechwood avenue cincinnati ohio 45229
11500070009,"3989 BEECHWOOD AV CINCINNATI, OH 45229",3989 BEECHWOOD AV CINCINNATI OH 45229,3989 beechwood avenue cincinnati oh 45229
55001610086,"5921 WERK RD GREEN TOWNSHIP, OH 45248",5921 WERK RD GREEN TOWNSHIP OH 45248,5921 werk road green township ohio 45248
55001610086,"5921 WERK RD GREEN TOWNSHIP, OH 45248",5921 WERK RD GREEN TOWNSHIP OH 45248,5921 werk road green township oh 45248
13100070229,"1922 CATALINA AV CINCINNATI, OH 45237",1922 CATALINA AV CINCINNATI OH 45237,1922 catalina avenue cincinnati ohio 45237
13100070229,"1922 CATALINA AV CINCINNATI, OH 45237",1922 CATALINA AV CINCINNATI OH 45237,1922 catalina avenue cincinnati oh 45237
13100070229,"1922 CATALINA AV CINCINNATI, OH 45237",1922 CATALINA AV CINCINNATI OH 45237,1922 catalina avenida calle cincinnati oh 45237
13100070229,"1922 CATALINA AV CINCINNATI, OH 45237",1922 CATALINA AV CINCINNATI OH 45237,1922 catalina avenida cincinnati oh 45237
5800010049,"3518 HUDSON AV CINCINNATI, OH 45207",3518 HUDSON AV CINCINNATI OH 45207,3518 hudson avenue cincinnati ohio 45207
5800010049,"3518 HUDSON AV CINCINNATI, OH 45207",3518 HUDSON AV CINCINNATI OH 45207,3518 hudson avenue cincinnati oh 45207
5800010049,"3518 HUDSON AV CINCINNATI, OH 45207",3518 HUDSON AV CINCINNATI OH 45207,3518 hudson avenida calle cincinnati oh 45207
5800010049,"3518 HUDSON AV CINCINNATI, OH 45207",3518 HUDSON AV CINCINNATI OH 45207,3518 hudson avenida cincinnati oh 45207
51000240123,"2740 GREENBROOK LN COLERAIN TOWNSHIP, OH 45251",2740 GREENBROOK LN COLERAIN TOWNSHIP OH 45251,2740 greenbrook lane colerain township ohio 45251
51000240123,"2740 GREENBROOK LN COLERAIN TOWNSHIP, OH 45251",2740 GREENBROOK LN COLERAIN TOWNSHIP OH 45251,2740 greenbrook lane colerain township oh 45251
51000240123,"2740 GREENBROOK LN COLERAIN TOWNSHIP, OH 45251",2740 GREENBROOK LN COLERAIN TOWNSHIP OH 45251,2740 greenbrook line colerain township ohio 45251
51000240123,"2740 GREENBROOK LN COLERAIN TOWNSHIP, OH 45251",2740 GREENBROOK LN COLERAIN TOWNSHIP OH 45251,2740 greenbrook line colerain township oh 45251
